scenario,duration_h,event_time_h,total_alerts,shewhart,ewma,pca_t2,pca_spe,trend,regime,ttfa_shewhart_min,ttfa_ewma_min,ttfa_pca_t2_min,ttfa_pca_spe_min,ttfa_trend_min,ttfa_regime_min
normal,23.983333333333334,,446,30,235,8,4,2,167,,,,,,
thermal_drift,71.98333333333333,0.0,5548,1523,2485,185,349,30,976,0.0,1.0,12.0,124.0,763.0,1.0
feed_perturbation,23.983333333333334,12.0,1363,367,607,60,69,5,255,0.0,0.0,0.0,0.0,143.0,0.0
reactor_instability,23.983333333333334,6.0,773,125,334,102,13,2,197,1.0,1.0,1.0,209.0,639.0,1.0
quality_degradation,95.98333333333333,0.0,6909,1825,2866,429,487,10,1292,0.0,1.0,12.0,124.0,546.0,1.0
energy_waste,23.983333333333334,4.0,1474,385,607,63,111,29,279,0.0,0.0,4.0,0.0,9.0,0.0
product_grade_change,23.983333333333334,10.0,1371,358,571,82,80,0,280,0.0,0.0,9.0,0.0,,0.0
sensor_failure,23.983333333333334,8.0,478,37,241,17,7,4,172,1.0,9.0,49.0,94.0,509.0,54.0
