scenario,n_samples,mae,rmse,bias,max_abs_err,mean_std,p95_std
normal,1440,0.09618076888114392,0.1335033289611046,0.05325490266821714,0.9879509615022215,0.016545809801173043,0.03847357451940595
thermal_drift,4320,0.1439681005489597,0.1895597563016212,0.02415033673190277,1.0035021987901445,0.032576130172552675,0.07172230212282743
feed_perturbation,1440,0.15285295349118327,0.23366429662320543,0.07574181931568323,2.0059296417865795,0.041221223815000575,0.12360042538276385
reactor_instability,1440,0.09639206796131998,0.13374524976021412,0.053104634165980505,0.9933368066791104,0.016335145740388857,0.038197601670575135
quality_degradation,5760,0.18498276969930064,0.2650543269664668,-0.07446159283359687,1.595996928970024,0.03741061691314884,0.1064975476968956
energy_waste,1440,0.04763287261873107,0.06270638968294175,0.015043950527129448,0.41331979972532906,0.008778316193683189,0.018962510608362976
product_grade_change,1440,0.13381375665213555,0.19718314770831918,0.022728017430231062,1.1759878836480766,0.038794867095274986,0.1286816617529421
